hasTunnelLength,hasTunnelDiameter,hasTunnelType,hasGeologicalCondition,hasHydroCondition,hasSoilType,hasConstructionMethod
1.0000000000000002,1.0000000000000009,1.0,0.0,1.0,0.0,0.0
0.29166666666666674,0.31818181818181834,0.5,1.0,0.0,1.0,1.0
0.5833333333333335,0.6363636363636367,0.0,0.0,1.0,0.0,1.0
0.0,0.0,0.0,0.6666666666666666,0.0,1.0,0.0
0.75,0.7727272727272734,1.0,0.0,1.0,0.3333333333333333,0.0
0.7083333333333335,0.7727272727272734,0.5,0.6666666666666666,0.5,0.3333333333333333,0.0
