hasTunnelLength,hasTunnelDiameter,TunnelType,hasGeologicalCondition,hasSoilType,hasHydroCondition
1.0,0.08444209162460004,-0.5236844030950605,0.3993460802336238,0.1937998176791653,-0.017126129468189765
0.08444209162460004,1.0,0.3768416413820563,-0.0053270601888614905,-0.10416354961142518,0.08229654490768282
-0.5236844030950604,0.3768416413820562,1.0,-0.47251043852179986,-0.2845787134463784,0.11500450945938726
0.3993460802336237,-0.0053270601888614905,-0.47251043852179986,1.0,0.1963961585583149,0.10074395248466371
0.1937998176791653,-0.10416354961142518,-0.2845787134463784,0.19639615855831488,1.0,-0.13355369402593384
-0.01712612946818976,0.08229654490768282,0.11500450945938726,0.10074395248466371,-0.13355369402593384,0.9999999999999999
