Feature,Importance,IsTargetFeature,FeatureType
Tunnel Length,0.2525143393720589,1,0
Tunnel Diameter,0.13570278744786113,1,0
Tunnel Type,0.03974723595498233,1,1
Geological Condition,0.012544368009916944,1,1
Soil Type,0.007706086163913508,1,1
Hydro Condition,0.007616969373224942,1,1
