Feature,Importance,IsTargetFeature,FeatureType
hasTunnelLength,0.2525143393720589,1,0
hasTunnelDiameter,0.13570278744786113,1,0
TunnelType,0.03974723595498233,1,1
hasGeologicalCondition,0.012544368009916944,1,1
hasSoilType,0.007706086163913508,1,1
hasHydroCondition,0.007616969373224942,1,1
